,name,light_years_from_earth,planet_mass,stellar_magnitude,discovery_date,planet_type,planet_radius,orbital_radius,orbital_period,eccentricity,solar_system_name,planet_discovery_method,planet_orbital_inclination,planet_density,right_ascension,declination,host_temperature,host_mass,host_radius
0,11 Comae Berenices b,305,19.4 Jupiters,4.74,2007,Gas Giant,1.08 x Jupiter,1.29 AU,326 days,0.23,11 Com,Radial Velocity,,,12h20m43.03s,+17d47m34.3s,4742,2.7,19
1,11 Ursae Minoris b,410,14.74 Jupiters,5.016,2009,Gas Giant,1.09 x Jupiter,1.53 AU,1.4 years,0.08,11 UMi,Radial Velocity,,,15h17m05.89s,+71d49m26.0s,4213,2.78,29.79
2,14 Andromedae b,247,4.8 Jupiters,5.227,2008,Gas Giant,1.15 x Jupiter,0.83 AU,185.8 days,0,14 And,Radial Velocity,,,23h31m17.42s,+39d14m10.3s,4813,2.2,11
3,14 Herculis b,59,4.66 Jupiters,6.61,2002,Gas Giant,1.15 x Jupiter,2.93 AU,4.9 years,0.37,14 Her,Radial Velocity,,,16h10m24.31s,+43d49m03.5s,5338,0.9,0.93
4,16 Cygni B b,69,1.78 Jupiters,6.25,1996,Gas Giant,1.2 x Jupiter,1.66 AU,2.2 years,0.68,16 Cyg B,Radial Velocity,,,19h41m51.97s,+50d31m03.1s,5750,1.08,1.13
5,18 Delphini b,249,10.3 Jupiters,5.506,2008,Gas Giant,1.11 x Jupiter,2.6 AU,2.7 years,0.08,18 Del,Radial Velocity,,,20h58m25.94s,+10d50m21.4s,4979,2.3,8.5
6,1RXS J160929.1-210524 b,473,8 Jupiters,12.057,2008,Gas Giant,1.664 x Jupiter,330.0 AU,6505.9 years,0,1RXS J160929.1-210524,Imaging,,,16h09m30.30s,-21d04m58.9s,4060,0.85,
7,24 Bootis b,314,0.91 Jupiters,5.58,2018,Gas Giant,1.24 x Jupiter,0.19 AU,30.4 days,0.04,24 Boo,Radial Velocity,,,14h28m37.81s,+49d50m41.5s,4893,0.99,10.64
8,24 Sextantis b,236,1.99 Jupiters,6.441,2010,Gas Giant,1.19 x Jupiter,1.333 AU,452.8 days,0.09,24 Sex,Radial Velocity,,,10h23m28.37s,-00d54m08.1s,5098,1.54,4.9
9,24 Sextantis c,236,0.86 Jupiters,6.441,2010,Gas Giant,1.24 x Jupiter,2.08 AU,2.4 years,0.29,24 Sex,Radial Velocity,,,10h23m28.37s,-00d54m08.1s,5098,1.54,4.9
10,2MASS J01033563-5515561 AB b,154,13 Jupiters,,2013,Gas Giant,1.1 x Jupiter,84.0 AU,1767.2 years,0,2MASS J01033563-5515561 A,Imaging,,,01h03m35.63s,-55d15m56.1s,,0.19,
11,2MASS J01225093-2439505 b,117,24.5 Jupiters,14.24,2013,Gas Giant,1.0 x Jupiter,52.0 AU,593.2 years,0,2MASS J01225093-2439505,Imaging,,,01h22m50.94s,-24d39m50.6s,3530,0.4,
12,2MASS J02192210-3925225 b,129,13.9 Jupiters,15.012,2015,Gas Giant,1.44 x Jupiter,156.0 AU,5878.1 years,0,2MASS J02192210-3925225,Imaging,,,02h19m22.11s,-39d25m22.5s,3064,0.11,0.28
13,2MASS J04414489+2301513 b,457,7.5 Jupiters,18.967,2010,Gas Giant,1.13 x Jupiter,15.0 AU,411 years,0,2MASS J04414489+2301513,Imaging,,,04h41m44.90s,+23d01m51.4s,,0.02,
14,2MASS J12073346-3932539 b,210,4 Jupiters,20.15,2004,Gas Giant,1.16 x Jupiter,46.0 AU,2207.3 years,0,2MASS J12073346-3932539,Imaging,,,12h07m33.47s,-39d32m54.0s,,0.02,
15,2MASS J19383260+4603591 b,1307,1.9 Jupiters,12.138,2015,Gas Giant,1.2 x Jupiter,0.92 AU,416 days,0,2MASS J19383260+4603591,Eclipse Timing Variations,,,19h38m32.61s,+46d03m59.1s,,0.48,
16,2MASS J21402931+1625183 A b,82,20.95 Jupiters,17.396,2009,Gas Giant,0.92 x Jupiter,Unknown,20.1 years,0.26,2MASS J21402931+1625183 A,Imaging,46.2,,21h40m29.32s,+16d25m18.3s,2300,0.08,0.12
17,2MASS J22362452+4751425 b,241,12.5 Jupiters,12.51,2016,Gas Giant,1.1 x Jupiter,230.0 AU,4505.7 years,0,2MASS J22362452+4751425,Imaging,,,22h36m24.53s,+47d51m42.6s,4045,0.6,
18,30 Arietis B b,146,13.82 Jupiters,6.962,2009,Gas Giant,1.1 x Jupiter,0.99 AU,335.1 days,0.29,30 Ari B,Radial Velocity,,,02h36m57.74s,+24d38m53.0s,6331,1.93,1.41
19,42 Draconis b,296,3.88 Jupiters,4.82,2008,Gas Giant,1.16 x Jupiter,1.19 AU,479.1 days,0.38,4 UMa,Radial Velocity,,,08h40m12.82s,+64d19m40.6s,4415,1.23,18.11
20,47 Ursae Majoris b,45,2.53 Jupiters,5.05,1996,Gas Giant,1.18 x Jupiter,2.1 AU,3 years,0.03,42 Dra,Radial Velocity,,,18h25m59.14s,+65d33m48.5s,4200,0.98,22.03
21,47 Ursae Majoris c,45,0.54 Jupiters,5.05,2001,Gas Giant,1.27 x Jupiter,3.6 AU,6.6 years,0.1,47 UMa,Radial Velocity,,,10h59m27.97s,+40d25m48.9s,5892,1.03,1.23
22,47 Ursae Majoris d,45,1.64 Jupiters,5.05,2009,Gas Giant,1.2 x Jupiter,11.6 AU,38.4 years,0.16,47 UMa,Radial Velocity,,,10h59m27.97s,+40d25m48.9s,5892,1.03,1.23
23,4 Ursae Majoris b,240,7.1 Jupiters,4.61,2006,Gas Giant,1.13 x Jupiter,0.87 AU,269.3 days,0.43,47 UMa,Radial Velocity,,,10h59m27.97s,+40d25m48.9s,5892,1.03,1.23
24,51 Eridani b,96,2 Jupiters,5.23,2015,Gas Giant,1.19 x Jupiter,12.0 AU,32 years,0.45,51 Eri,Imaging,133,,04h37m36.13s,-02d28m24.8s,,1.75,
25,51 Pegasi b,50,0.46 Jupiters,5.5,1995,Gas Giant,1.27 x Jupiter,0.0527 AU,4.2 days,0.01,51 Peg,Radial Velocity,,,22h57m27.98s,+20d46m07.8s,5793,1.12,1.2
26,55 Cancri b,41,0.8306 Jupiters,5.96,1996,Gas Giant,1.24 x Jupiter,0.115227 AU,14.7 days,0,55 Cnc,Radial Velocity,90,,08h52m35.81s,+28d19m50.9s,5196,0.91,0.94
27,55 Cancri c,41,0.1714 Jupiters,5.96,2004,Gas Giant,0.76 x Jupiter,0.241376 AU,44.4 days,0.02,55 Cnc,Radial Velocity,90,,08h52m35.81s,+28d19m50.9s,5196,0.91,0.94
28,55 Cancri d,41,3.878 Jupiters,5.96,2002,Gas Giant,1.16 x Jupiter,5.503 AU,13.2 years,0.02,55 Cnc,Radial Velocity,90,,08h52m35.81s,+28d19m50.9s,5196,0.91,0.94
29,55 Cancri e,41,8.08 Earths,5.96,2004,Super Earth,1.91 x Earth,0.01544 AU,0.7 days,0.03,55 Cnc,Radial Velocity,83.3,6.4,08h52m35.81s,+28d19m50.9s,5196,0.91,0.94
30,55 Cancri f,41,0.141 Jupiters,5.96,2007,Gas Giant,0.677 x Jupiter,0.788 AU,262 days,0.31,55 Cnc,Radial Velocity,90,,08h52m35.81s,+28d19m50.9s,5196,0.91,0.94
31,61 Virginis b,28,5.1 Earths,4.74,2009,Neptune-like,2.11 x Earth,0.050201 AU,4.2 days,0.12,6 Lyn,Radial Velocity,,,06h30m47.11s,+58d09m45.5s,4938,1.44,5.2
32,61 Virginis c,28,18.2 Earths,4.74,2009,Neptune-like,0.398 x Jupiter,0.2175 AU,38 days,0.14,61 Vir,Radial Velocity,,,13h18m24.32s,-18d18m40.3s,5577,0.94,0.96
33,61 Virginis d,28,22.9 Earths,4.74,2009,Neptune-like,0.456 x Jupiter,0.476 AU,123 days,0.35,61 Vir,Radial Velocity,,,13h18m24.32s,-18d18m40.3s,5577,0.94,0.96
34,6 Lyncis b,179,2.01 Jupiters,5.86,2008,Gas Giant,1.19 x Jupiter,2.11 AU,2.6 years,0.07,61 Vir,Radial Velocity,,,13h18m24.32s,-18d18m40.3s,5577,0.94,0.96
35,70 Virginis b,58,7.49 Jupiters,4.97,1996,Gas Giant,1.13 x Jupiter,0.481 AU,116.7 days,0.4,7 CMa,Radial Velocity,90,,06h36m41.04s,-19d15m21.2s,4826,1.34,4.87
36,75 Ceti b,271,3 Jupiters,5.35,2012,Gas Giant,1.17 x Jupiter,2.1 AU,1.9 years,0.12,7 CMa,Radial Velocity,90,,06h36m41.04s,-19d15m21.2s,4826,1.34,4.87
37,7 Canis Majoris b,65,1.85 Jupiters,3.92,2011,Gas Giant,1.2 x Jupiter,1.758 AU,2 years,0.06,70 Vir,Radial Velocity,,,13h28m25.81s,+13d46m43.6s,5495,1.09,1.89
38,7 Canis Majoris c,65,0.87 Jupiters,3.92,2019,Gas Giant,1.24 x Jupiter,2.153 AU,2.7 years,0.08,75 Cet,Radial Velocity,,,02h32m09.42s,-01d02m05.6s,4846,2.49,10.5
39,81 Ceti b,331,5.3 Jupiters,5.65,2008,Gas Giant,1.14 x Jupiter,2.5 AU,2.6 years,0.21,8 UMi,Radial Velocity,,,14h56m48.35s,+74d54m03.3s,4847,1.44,10.3
40,8 Ursae Minoris b,533,1.31 Jupiters,6.83,2015,Gas Giant,1.22 x Jupiter,0.49 AU,93.4 days,0.06,81 Cet,Radial Velocity,,,02h37m41.80s,-03d23m46.2s,4785,2.4,11
41,91 Aquarii b,144,3.2 Jupiters,4.25,2013,Gas Giant,1.17 x Jupiter,0.7 AU,181.4 days,0.03,91 Aqr,Radial Velocity,,,23h15m53.50s,-09d05m15.9s,4665,1.4,11
42,AB Pictoris b,163,13.5 Jupiters,9.128,2005,Gas Giant,1.1 x Jupiter,260.0 AU,4421.7 years,0,AB Pic,Imaging,,,06h19m12.91s,-58d03m15.5s,,,
43,Alpha Arietis b,66,1.8 Jupiters,2,2010,Gas Giant,1.2 x Jupiter,1.2 AU,380.8 days,0.25,alf Ari,Radial Velocity,,,02h07m10.41s,+23d27m44.7s,4553,1.5,13.9
44,Alpha Tauri b,67,6.47 Jupiters,0.85,2015,Gas Giant,1.13 x Jupiter,1.46 AU,1.7 years,0.1,alf Tau,Radial Velocity,,,04h35m55.24s,+16d30m33.5s,4055,1.13,45.1
45,AU Microscopii b,32,0.18 Jupiters,8.81,2020,Gas Giant,0.375 x Jupiter,0.066 AU,8.5 days,0.1,AU Mic,Transit,,4.4,20h45m09.53s,-31d20m27.2s,3700,0.5,0.75
46,BD+03 2562 b,8540,6.4 Jupiters,9.58,2017,Gas Giant,1.13 x Jupiter,1.3 AU,481.9 days,0.2,BD+03 2562,Radial Velocity,,,11h50m15.55s,+02d45m36.5s,4095,1.14,32.35
47,BD-06 1339 b,66,8.5 Earths,9.7,2013,Neptune-like,0.254 x Jupiter,0.0428 AU,3.9 days,0,BD+14 4559,Radial Velocity,,,21h13m35.99s,+14d41m21.8s,4864,0.49,0.86
48,BD-06 1339 c,66,0.17 Jupiters,9.7,2013,Gas Giant,0.747 x Jupiter,0.435 AU,125.9 days,0.31,BD+15 2375,Radial Velocity,,,11h45m55.72s,+14d36m59.0s,4649,1.08,8.95
49,BD-08 2823 b,135,12.7132 Earths,9.88,2009,Neptune-like,0.322 x Jupiter,0.06 AU,5.6 days,0.15,BD+15 2940,Radial Velocity,,,16h00m22.94s,+15d32m48.9s,4796,1.1,14.7
50,BD-08 2823 c,135,0.33 Jupiters,9.88,2009,Gas Giant,1.11 x Jupiter,0.68 AU,237.6 days,0.19,BD+20 2457,Radial Velocity,,,10h16m44.86s,+19d53m29.1s,4259,10.83,71.02
51,BD-10 3166 b,276,0.59 Jupiters,10.08,2000,Gas Giant,1.26 x Jupiter,0.04 AU,3.5 days,0.02,BD+20 2457,Radial Velocity,,,10h16m44.86s,+19d53m29.1s,4259,10.83,71.02
52,BD-11 4672 b,89,0.65 Jupiters,9.99,2014,Gas Giant,1.25 x Jupiter,2.36 AU,4.5 years,0.05,BD+20 274,Radial Velocity,,,01h43m40.88s,+21d00m19.1s,4296,0.8,17.3
53,BD-11 4672 c,89,15.37 Earths,9.99,2020,Neptune-like,0.36 x Jupiter,0.3 AU,74.2 days,0.4,BD+20 594,Transit,89.55,,03h34m36.23s,+20d35m57.2s,5766,1.67,1.08
54,BD-13 2130 b,3095,9.78 Jupiters,9.45,2007,Gas Giant,1.11 x Jupiter,1.66 AU,2 years,0.21,BD+48 738,Radial Velocity,,,02h42m50.45s,+49d35m13.1s,4414,0.74,11
55,BD+14 4559 b,161,1.04 Jupiters,9.63,2009,Gas Giant,1.23 x Jupiter,0.78 AU,268.9 days,0.29,BD+48 740,Radial Velocity,,,02h42m58.22s,+48d55m48.2s,4534,1.09,10.33
56,BD+15 2375 b,2525,1.061 Jupiters,10.31,2016,Gas Giant,1.23 x Jupiter,0.576 AU,153.2 days,0,BD+49 828,Radial Velocity,,,03h02m33.73s,+49d43m48.0s,4943,1.52,7.6
57,BD+15 2940 b,1408,1.11 Jupiters,9.046,2013,Gas Giant,1.23 x Jupiter,0.539 AU,137.5 days,0.26,BD-06 1339,Radial Velocity,,,05h53m00.28s,-05d59m41.4s,4324,0.7,
58,BD-17 63 b,113,5.1 Jupiters,9.566,2008,Gas Giant,1.15 x Jupiter,1.34 AU,1.8 years,0.54,BD-06 1339,Radial Velocity,,,05h53m00.28s,-05d59m41.4s,4324,0.7,
59,BD+20 2457 b,5450,55.59 Jupiters,9.75,2009,Gas Giant,1.03 x Jupiter,1.05 AU,379.6 days,0.15,BD-08 2823,Radial Velocity,,,10h00m47.72s,-09d31m00.0s,4816,0.5,0.71
60,BD+20 2457 c,5450,12.47 Jupiters,9.75,2009,Gas Giant,1.1 x Jupiter,2.01 AU,1.7 years,0.18,BD-08 2823,Radial Velocity,,,10h00m47.72s,-09d31m00.0s,4816,0.5,0.71
61,BD+20 274 b,4514,4.2 Jupiters,9.36,2012,Gas Giant,1.16 x Jupiter,1.3 AU,1.6 years,0.21,BD-10 3166,Radial Velocity,,,10h58m28.80s,-10d46m13.4s,5393,1.47,0.91
62,BD+20 594 b,588,22.2481 Earths,11.038,2016,Neptune-like,0.23 x Jupiter,0.241 AU,41.7 days,0,BD-11 4672,Radial Velocity,,,18h33m28.84s,-11d38m09.7s,4550,0.65,0.64
63,BD+48 738 b,2910,0.91 Jupiters,9.14,2011,Gas Giant,1.24 x Jupiter,1.0 AU,392.6 days,0.2,BD-11 4672,Radial Velocity,,,18h33m28.84s,-11d38m09.7s,4550,0.65,0.64
64,BD+48 740 b,2215,1.7 Jupiters,8.699,2018,Gas Giant,1.2 x Jupiter,1.7 AU,2 years,0.76,BD-13 2130,Radial Velocity,,,07h37m09.23s,-13d54m23.9s,4545,2.12,19.17
65,BD+49 828 b,1460,1.6 Jupiters,9.38,2015,Gas Giant,1.21 x Jupiter,4.2 AU,7.1 years,0.35,BD-17 63,Radial Velocity,,,00h28m34.31s,-16d13m34.8s,4714,0.74,0.69
66,Beta Cancri b,295,7.8 Jupiters,3.53,2014,Gas Giant,1.12 x Jupiter,1.7 AU,1.7 years,0.08,bet Cnc,Radial Velocity,,,08h16m30.92s,+09d11m08.0s,4092.1,1.7,47.2
67,Beta Pictoris b,64,11 Jupiters,3.85,2008,Gas Giant,1.65 x Jupiter,9.1 AU,21 years,0.08,bet Pic,Imaging,88.9,,05h47m17.09s,-51d03m59.4s,,1.76,
68,Beta Pictoris c,64,9 Jupiters,3.85,2019,Gas Giant,1.12 x Jupiter,2.7 AU,3.3 years,0.24,bet Pic,Radial Velocity,90,,05h47m17.09s,-51d03m59.4s,,1.76,
69,Beta Ursae Minoris b,127,6.1 Jupiters,2.08,2014,Gas Giant,1.14 x Jupiter,1.4 AU,1.4 years,0.19,bet UMi,Radial Velocity,,,14h50m42.33s,+74d09m19.8s,4126,1.4,38.3
70,CFBDSIR J145829+101343 b,75,10.5 Jupiters,,2011,Gas Giant,1.11 x Jupiter,2.6 AU,27.5 years,0,CFBDSIR J145829+101343,Imaging,,,14h58m29.00s,+10d13m43.0s,580.5,0.02,
71,CHXR 73 b,623,12.569 Jupiters,17.293,2006,Gas Giant,1.1 x Jupiter,210.0 AU,5146.9 years,0,CHXR 73,Imaging,,,11h06m28.77s,-77d37m33.2s,,0.35,
72,CI Tauri b,515,11.6 Jupiters,12.939,2019,Gas Giant,1.11 x Jupiter,Unknown,9 days,0.25,CI Tau,Radial Velocity,50.5,,04h33m52.01s,+22d50m30.1s,,0.9,
73,CoRoT-10 b,1125,2.75 Jupiters,15.22,2010,Gas Giant,0.97 x Jupiter,0.1055 AU,13.2 days,0.53,CoRoT-1,Transit,85.1,0.38,06h48m19.17s,-03d06m07.7s,5950,0.95,1.11
74,CoRoT-11 b,1827,2.33 Jupiters,12.939,2010,Gas Giant,1.43 x Jupiter,0.0436 AU,3 days,0,CoRoT-10,Transit,88.55,3.7,19h24m15.29s,+00d44m46.1s,5075,0.89,0.79
75,CoRoT-12 b,3751,0.917 Jupiters,15.515,2010,Gas Giant,1.44 x Jupiter,0.04016 AU,2.8 days,0.07,CoRoT-11,Transit,83.17,0.99,18h42m44.94s,+05d56m15.7s,6440,1.27,1.37
76,CoRoT-13 b,3458,1.308 Jupiters,15.039,2010,Gas Giant,0.885 x Jupiter,0.051 AU,4 days,0,CoRoT-12,Transit,85.48,0.411,06h43m03.76s,-01d17m47.2s,5675,1.08,1.12
77,CoRoT-14 b,4371,7.6 Jupiters,16.033,2010,Gas Giant,1.09 x Jupiter,0.027 AU,1.5 days,0,CoRoT-13,Transit,88.02,2.34,06h50m53.07s,-05d05m11.2s,5945,1.09,1.01
78,CoRoT-16 b,2740,0.535 Jupiters,15.63,2011,Gas Giant,1.17 x Jupiter,0.0618 AU,5.4 days,0.33,CoRoT-14,Transit,79.6,7.3,06h53m41.81s,-05d32m09.7s,6035,1.13,1.21
79,CoRoT-17 b,3001,2.43 Jupiters,15.46,2011,Gas Giant,1.02 x Jupiter,0.0461 AU,3.8 days,0,CoRoT-16,Transit,85.01,0.44,18h34m05.93s,-06d00m09.3s,5650,1.1,1.19
80,CoRoT-18 b,2838,3.47 Jupiters,15,2011,Gas Giant,1.31 x Jupiter,0.0295 AU,1.9 days,< 0.08,CoRoT-17,Transit,88.34,2.82,18h34m47.82s,-06d36m44.0s,5740,1.04,1.59
81,CoRoT-19 b,2512,1.11 Jupiters,14.007,2011,Gas Giant,1.29 x Jupiter,0.0518 AU,3.9 days,0.05,CoRoT-18,Transit,86.5,2.2,06h32m41.38s,-00d01m53.7s,5440,0.95,1
82,CoRoT-1 b,2627,1.03 Jupiters,13.6,2008,Gas Giant,1.49 x Jupiter,0.02752 AU,1.5 days,0,CoRoT-19,Transit,88,0.71,06h28m08.06s,-00d10m14.5s,6090,1.21,1.65
83,CoRoT-20 b,2819,4.3 Jupiters,14.66,2011,Gas Giant,0.84 x Jupiter,0.09 AU,9.2 days,0.59,CoRoT-2,Transit,88.08,1.47,19h27m06.49s,+01d23m01.4s,5625,0.96,0.91
84,CoRoT-20 c,2819,17 Jupiters,14.66,2018,Gas Giant,1.09 x Jupiter,2.9 AU,4.6 years,0.6,CoRoT-20,Transit,88.21,,06h30m52.90s,+00d13m36.9s,,1.14,
85,CoRoT-21 b,4563,2.26 Jupiters,16,2012,Gas Giant,1.3 x Jupiter,0.0417 AU,2.7 days,0,CoRoT-20,Radial Velocity,,,06h30m52.90s,+00d13m36.9s,,1.14,
86,CoRoT-22 b,1931,12.2 Earths,13.944,2014,Neptune-like,0.435 x Jupiter,0.092 AU,9.8 days,0.08,CoRoT-21,Transit,86.8,1.36,06h44m12.588s,-00d17m56.868s,6200,1.29,1.95
87,CoRoT-23 b,1957,2.8 Jupiters,15.63,2011,Gas Giant,1.05 x Jupiter,0.048 AU,3.6 days,0.16,CoRoT-22,Transit,89.749,0.249,18h42m40.11s,+06d13m08.9s,5939,1.1,1.14
88,CoRoT-24 b,1957,5.7 Earths,15.18,2014,Neptune-like,0.33 x Jupiter,0.056 AU,5.1 days,0,CoRoT-23,Transit,85.7,3,18h39m07.83s,+04d21m28.1s,5900,1.14,1.61
89,CoRoT-24 c,1957,28 Earths,15.18,2014,Neptune-like,0.44 x Jupiter,0.098 AU,11.8 days,0,CoRoT-24,Transit,86.5,0.9,06h47m41.41s,-03d43m09.5s,4950,0.91,0.86
90,CoRoT-25 b,3262,0.27 Jupiters,14.711,2013,Gas Giant,1.08 x Jupiter,0.0578 AU,4.9 days,0,CoRoT-24,Transit,89,1.3,06h47m41.41s,-03d43m09.5s,4950,0.91,0.86
91,CoRoT-26 b,5448,0.52 Jupiters,15.468,2013,Gas Giant,1.26 x Jupiter,0.0526 AU,4.2 days,0,CoRoT-25,Transit,84.5,0.15,18h42m31.12s,+06d30m49.8s,6040,1.09,1.19
92,CoRoT-27 b,3377,10.39 Jupiters,15.54,2014,Gas Giant,1.007 x Jupiter,0.0476 AU,3.6 days,< 0.065,CoRoT-26,Transit,86.8,0.28,18h39m00.12s,+06d58m11.2s,5590,1.09,1.79
93,CoRoT-28 b,1827,0.484 Jupiters,13.412,2015,Gas Giant,0.955 x Jupiter,0.0603 AU,5.2 days,0.05,CoRoT-27,Transit,86.7,12.6,18h33m59.00s,+05d32m18.5s,5900,1.05,1.08
94,CoRoT-29 b,2495,0.85 Jupiters,15.239,2015,Gas Giant,0.9 x Jupiter,0.0386 AU,2.9 days,0.08,CoRoT-28,Transit,88.1,0.69,18h34m45.20s,+05d34m25.4s,5150,1.01,1.78
95,CoRoT-2 b,652,3.47 Jupiters,12.57,2008,Gas Giant,1.466 x Jupiter,0.02798 AU,1.7 days,0.01,CoRoT-29,Transit,87.3,1.45,18h35m36.50s,+06d28m46.7s,5260,0.97,0.9
96,CoRoT-30 b,3132,2.9 Jupiters,15.65,2020,Gas Giant,1.009 x Jupiter,0.0844 AU,9.1 days,0.01,CoRoT-3,Transit,85.9,26.4,19h28m13.26s,+00d07m18.6s,6740,1.37,1.56
97,CoRoT-31 b,7144,0.84 Jupiters,15.465,2020,Gas Giant,1.46 x Jupiter,0.0586 AU,4.6 days,0.02,CoRoT-30,Transit,90,3.45,18h30m24.264s,+06d50m09.424s,5650,0.98,0.91
98,CoRoT-3 b,2218,21.66 Jupiters,13.292,2008,Gas Giant,1.01 x Jupiter,0.05783 AU,4.3 days,0,CoRoT-31,Transit,83.2,0.33,06h19m16.975s,-04d25m20.194s,5700,1.25,2.15
99,CoRoT-4 b,2419,0.72 Jupiters,13.561,2008,Gas Giant,1.19 x Jupiter,0.09 AU,9.2 days,0,CoRoT-4,Transit,90,0.525,06h48m46.72s,-00d40m22.0s,6190,1.16,1.17
100,CoRoT-5 b,2951,0.467 Jupiters,13.902,2009,Gas Giant,1.388 x Jupiter,0.04947 AU,4 days,0.09,CoRoT-5,Transit,85.83,0.217,06h45m06.54s,+00d48m54.9s,6100,1,1.19
101,CoRoT-6 b,2144,2.96 Jupiters,13.912,2009,Gas Giant,1.166 x Jupiter,0.0855 AU,8.9 days,< 0.1,CoRoT-6,Transit,89.07,2.32,18h44m17.41s,+06d39m47.5s,6090,1.05,1.02
102,CoRoT-7 b,524,3.1783 Earths,11.668,2009,Super Earth,1.681 x Earth,0.017016 AU,0.9 days,0,CoRoT-7,Transit,80.1,,06h43m49.47s,-01d03m46.9s,5275,0.82,0.83
103,CoRoT-7 c,524,8.4 Earths,11.668,2009,Neptune-like,0.253 x Jupiter,0.046 AU,3.7 days,0,CoRoT-7,Radial Velocity,80,,06h43m49.47s,-01d03m46.9s,5275,0.82,0.83
104,CoRoT-8 b,1240,0.22 Jupiters,14.8,2010,Gas Giant,0.57 x Jupiter,0.063 AU,6.2 days,0,CoRoT-8,Transit,88.4,1.6,19h26m21.24s,+01d25m35.2s,5080,0.88,0.77
105,CoRoT-9 b,1363,0.84 Jupiters,13.69,2009,Gas Giant,1.066 x Jupiter,0.4021 AU,95.3 days,0.13,CoRoT-9,Transit,89.9,0.86,18h43m08.81s,+06d12m15.0s,5625,0.96,0.96
106,CoRoTID 223977153 b,1912,0.15 Jupiters,13.587,2017,Gas Giant,0.57 x Jupiter,0.071 AU,6.7 days,0,CoRoTID 223977153,Transit,89,1.1,06h40m46.84s,+09d15m26.8s,5970,1.08,0.79
107,CT Chamaleontis b,538,17 Jupiters,11.773,2007,Gas Giant,2.2 x Jupiter,440.0 AU,Infinity years,0,CT Cha,Imaging,,,11h04m09.09s,-76d27m19.4s,,,
108,DE Canun Venaticorum b,100,12.0293 Jupiters,11.975,2018,Gas Giant,1.1 x Jupiter,5.75 AU,11.2 years,0,DE CVn,Eclipse Timing Variations,86,,13h26m53.27s,+45d32m46.69s,,0.51,
109,DENIS-P J082303.1-491201 b,68,28.5 Jupiters,18.558,2013,Gas Giant,1.06 x Jupiter,0.36 AU,246.4 days,0.35,DENIS-P J082303.1-491201,Astrometry,56.6,,08h23m03.13s,-49d12m01.3s,,0.07,
110,DH Tauri b,457,11 Jupiters,12.496,2004,Gas Giant,2.7 x Jupiter,330.0 AU,10441.5 years,0,DH Tau,Imaging,,,04h29m41.56s,+26d32m58.3s,,0.33,0.27
111,DMPP-1 b,202,24.27 Earths,7.981,2019,Neptune-like,0.472 x Jupiter,0.1462 AU,18.6 days,< 0.083,DMPP-1,Radial Velocity,,,05h47m06.27s,-10d37m48.8s,6196,1.21,1.26
112,DMPP-1 c,202,9.6 Earths,7.981,2019,Neptune-like,0.273 x Jupiter,0.0733 AU,6.6 days,< 0.057,DMPP-1,Radial Velocity,,,05h47m06.27s,-10d37m48.8s,6196,1.21,1.26
113,DMPP-1 d,202,3.35 Earths,7.981,2019,Super Earth,1.65 x Earth,0.0422 AU,2.9 days,< 0.07,DMPP-1,Radial Velocity,,,05h47m06.27s,-10d37m48.8s,6196,1.21,1.26
114,DMPP-1 e,202,4.13 Earths,7.981,2019,Super Earth,1.86 x Earth,0.0651 AU,5.5 days,< 0.07,DMPP-1,Radial Velocity,,,05h47m06.27s,-10d37m48.8s,6196,1.21,1.26
115,DMPP-2 b,437,0.437 Jupiters,8.567,2019,Gas Giant,1.28 x Jupiter,0.0664 AU,5.2 days,0.08,DMPP-2,Radial Velocity,,,01h49m37.89s,-34d27m32.9s,6500,1.44,1.78
116,DMPP-3 A b,160,2.58 Earths,9.066,2019,Super Earth,1.41 x Earth,0.0662 AU,6.7 days,0.14,DMPP-3 A,Radial Velocity,,,06h06m29.85s,-72d30m45.6s,5138,0.87,0.91
117,DP Leonis b,995,6.28 Jupiters,18.633,2009,Gas Giant,1.14 x Jupiter,8.19 AU,28 years,0.39,DP Leo,Eclipse Timing Variations,,,11h17m16.00s,+17d57m41.1s,13500,,0.01
118,DS Tucanae A b,144,1.3 Jupiters,8.469,2019,Neptune-like,0.509 x Jupiter,Unknown,8.1 days,0,DS Tuc A,Transit,89.5,,23h39m39.48s,-69d11m44.7s,5428,1.01,0.96
119,EPIC 201238110 b,522,4.16 Earths,15.261,2019,Super Earth,1.87 x Earth,Unknown,28.2 days,0,EPIC 201238110,Transit,,,11h58m49.42s,-03d23m21.8s,,0.41,
120,EPIC 201497682 b,831,0.26 Earths,14.102,2019,Terrestrial,0.692 x Earth,Unknown,2.1 days,0,EPIC 201497682,Transit,,,11h15m44.79s,+00d29m17.2s,,0.78,
121,EPIC 201615463 c,1569,1.98 Earths,12.074,2019,Super Earth,1.22 x Earth,Unknown,3.8 days,0,K2-166,Transit,,,12h20m45.19s,+02d16m56.8s,,1.07,
122,EPIC 201754305 d,1103,1.08 Earths,14.67,2019,Super Earth,1.03 x Earth,Unknown,2.7 days,0,K2-16,Transit,,,11h40m23.34s,+04d33m26.4s,,0.67,
123,EPIC 201833600 c,846,0.972 Earths,14.717,2019,Terrestrial,1.0 x Earth,Unknown,4 days,0,K2-50,Transit,,,11h17m56.07s,+05d59m18.2s,,0.61,
124,EPIC 201841433 b,1442,1.37 Earths,14.867,2019,Super Earth,1.1 x Earth,Unknown,4.2 days,0,EPIC 201841433,Transit,,,11h40m49.63s,+06d08m05.5s,,0.8,
125,EPIC 205950854 c,801,2.27 Earths,12.291,2019,Super Earth,1.31 x Earth,Unknown,8.1 days,0,K2-168,Transit,89.81,,22h12m26.37s,-16d20m30.3s,5502.7,0.88,0.83
126,EPIC 206024342 b,1219,3.53 Earths,13.116,2019,Super Earth,1.7 x Earth,Unknown,4.5 days,0,EPIC 206024342,Transit,,,22h05m06.53s,-14d07m18.0s,,0.93,
127,EPIC 206032309 b,529,1.01 Earths,16.069,2019,Super Earth,1.01 x Earth,Unknown,2.9 days,0,EPIC 206032309,Transit,,,22h44m57.77s,-13d54m03.3s,,0.22,
128,EPIC 206042996 b,1492,3.26 Earths,16.743,2019,Super Earth,1.62 x Earth,Unknown,5.3 days,0,EPIC 206042996,Transit,,,22h30m03.26s,-13d36m36.4s,,0.56,
129,EPIC 206215704 b,360,0.666 Earths,16.172,2019,Terrestrial,0.9 x Earth,Unknown,2.3 days,0,EPIC 206215704,Transit,,,22h20m22.76s,-09d30m34.3s,,0.41,
130,EPIC 206317286 b,1035,0.84 Earths,14.051,2019,Terrestrial,0.96 x Earth,Unknown,1.6 days,0,EPIC 206317286,Transit,,,22h30m28.22s,-07d58m20.7s,,0.71,
131,EPIC 211822797 b,611,4.58 Earths,15.256,2016,Super Earth,1.98 x Earth,0.131 AU,21.2 days,0.06,EPIC 211822797,Transit,89.73,,08h41m38.49s,+17d38m24.0s,4148.21,0.66,0.57
132,EPIC 211945201 b,596,27 Earths,10.154,2018,Neptune-like,0.514 x Jupiter,0.1493 AU,19.5 days,0,EPIC 211945201,Transit,,,09h06m17.75s,+19d24m08.1s,6069,1.17,1.39
133,EPIC 212297394 b,1381,2.31 Earths,14.423,2019,Super Earth,1.323 x Earth,Unknown,2.3 days,0,EPIC 212297394,Transit,,,13h48m49.49s,-17d36m35.7s,,0.83,
134,EPIC 212424622 b,2031,5.35 Earths,13.354,2019,Neptune-like,2.17 x Earth,Unknown,18.1 days,0,EPIC 212424622,Transit,,,13h29m19.54s,-14d21m34.1s,,1.11,
135,EPIC 212499991 b,932,3.19 Earths,13.552,2019,Super Earth,1.6 x Earth,Unknown,34.9 days,0,EPIC 212499991,Transit,,,13h29m57.30s,-12d44m05.0s,,0.91,
136,EPIC 212587672 b,1053,1.46 Earths,12.487,2019,Super Earth,1.12 x Earth,Unknown,15.3 days,0,EPIC 212587672,Transit,,,13h41m46.73s,-10d51m44.8s,,0.95,
137,EPIC 212737443 b,1133,7.2 Earths,14.836,2019,Neptune-like,0.231 x Jupiter,0.098 AU,13.6 days,0.2,EPIC 212737443,Transit,89.071,,13h36m53.21s,-07d19m05.3s,4684,0.69,0.67
138,EPIC 212737443 c,1133,7.7 Earths,14.836,2019,Neptune-like,0.24 x Jupiter,0.28 AU,65.6 days,0.2,EPIC 212737443,Transit,89.63,,13h36m53.21s,-07d19m05.3s,4684,0.69,0.67
139,EPIC 220554210 c,1638,2.79 Earths,14.042,2019,Super Earth,1.48 x Earth,Unknown,0.7 days,0,K2-282,Transit,,,00h53m43.68s,+07d59m43.1s,,0.94,
140,EPIC 220674823 b,803,7.72 Earths,12.102,2016,Super Earth,1.82 x Earth,0.0134 AU,0.6 days,0,EPIC 220674823,Transit,,,00h52m19.15s,+10d47m40.9s,5617,0.97,0.98
141,EPIC 220674823 c,803,5.8 Earths,12.102,2016,Neptune-like,0.244 x Jupiter,0.1091 AU,13.3 days,0.18,EPIC 220674823,Transit,,,00h52m19.15s,+10d47m40.9s,5617,0.97,0.98
142,EPIC 246851721 b,1098,3 Jupiters,11.439,2018,Gas Giant,1.051 x Jupiter,0.07229 AU,6.2 days,0,EPIC 246851721,Transit,86.21,3.1,05h15m40.74s,+16d16m43.5s,6202,1.32,1.59
143,EPIC 248847494 b,1827,13 Jupiters,12.416,2018,Gas Giant,1.11 x Jupiter,4.5 AU,10 years,0,EPIC 248847494,Transit,89.87,,10h37m33.42s,+11d50m33.8s,4898,0.9,2.7
144,EPIC 249893012 b,1058,8.75 Earths,11.428,2020,Super Earth,1.95 x Earth,0.047 AU,3.6 days,0.06,EPIC 249893012,Transit,86.14,6.39,15h12m59.57s,-16d43m28.3s,5430,1.05,1.71
145,EPIC 249893012 c,1058,14.67 Earths,11.428,2020,Neptune-like,0.327 x Jupiter,0.13 AU,15.6 days,0.07,EPIC 249893012,Transit,87.94,1.62,15h12m59.57s,-16d43m28.3s,5430,1.05,1.71
146,EPIC 249893012 d,1058,10.18 Earths,11.428,2020,Neptune-like,0.352 x Jupiter,0.22 AU,35.7 days,0.15,EPIC 249893012,Transit,89.47,0.91,15h12m59.57s,-16d43m28.3s,5430,1.05,1.71
147,Epsilon Coronae Borealis b,228,6.7 Jupiters,4.15,2012,Gas Giant,1.13 x Jupiter,1.3 AU,417.9 days,0.11,eps CrB,Radial Velocity,,,15h57m35.25s,+26d52m40.4s,4406,1.7,21
148,Epsilon Eridani b,11,0.78 Jupiters,3.82,2000,Gas Giant,1.24 x Jupiter,3.39 AU,7.4 years,0.07,eps Eri,Radial Velocity,89,,03h32m55.84s,-09d27m29.7s,,0.78,
149,Epsilon Indi A b,12,3.25 Jupiters,4.69,2019,Gas Giant,1.17 x Jupiter,11.55 AU,45.2 years,0.26,eps Ind A,Radial Velocity,64.25,,22h03m21.66s,-56d47m09.5s,,0.75,
150,Epsilon Tauri b,161,7.6 Jupiters,3.54,2006,Gas Giant,1.13 x Jupiter,1.93 AU,1.6 years,0.15,eps Tau,Radial Velocity,,,04h28m37.00s,+19d10m49.6s,4901,2.7,13.7
151,FU Tauri b,457,16 Jupiters,20.48,2008,Gas Giant,1.09 x Jupiter,800.0 AU,101250.8 years,0,FU Tau,Imaging,,,04h23m35.74s,+25d02m59.6s,2838,0.05,
152,G 9-40 b,91,4.76 Earths,13.823,2019,Super Earth,2.025 x Earth,0.0385 AU,5.7 days,0,G 9-40,Transit,88.57,,08h58m52.35s,+21d04m33.8s,3348,0.29,0.31
153,Gamma 1 Leonis b,126,8.78 Jupiters,1.98,2009,Gas Giant,1.12 x Jupiter,1.19 AU,428.5 days,0.14,gam 1 Leo,Radial Velocity,,,10h19m58.36s,+19d50m29.4s,4330,1.23,31.88
154,Gamma Cephei b,44,1.85 Jupiters,3.21,2003,Gas Giant,1.2 x Jupiter,2.05 AU,2.5 years,0.05,gam Cep,Radial Velocity,,,23h39m20.85s,+77d37m56.2s,,1.4,4.9
155,Gamma Librae b,155,1.02 Jupiters,3.91,2018,Gas Giant,1.23 x Jupiter,1.24 AU,415.2 days,0.21,gam Lib,Radial Velocity,,,15h35m31.58s,-14d47m22.3s,4822,1.47,11.1
156,Gamma Librae c,155,4.58 Jupiters,3.91,2018,Gas Giant,1.15 x Jupiter,2.17 AU,2.6 years,0.06,gam Lib,Radial Velocity,,,15h35m31.58s,-14d47m22.3s,4822,1.47,11.1
157,GJ 1061 b,12,1.37 Earths,13.06,2020,Super Earth,1.1 x Earth,0.021 AU,3.2 days,< 0.31,GJ 1061,Radial Velocity,,,03h35m59.72s,-44d30m45.5s,2953,0.12,0.16
158,GJ 1061 c,12,1.74 Earths,13.06,2020,Super Earth,1.18 x Earth,0.035 AU,6.7 days,< 0.29,GJ 1061,Radial Velocity,,,03h35m59.72s,-44d30m45.5s,2953,0.12,0.16
159,GJ 1061 d,12,1.64 Earths,13.06,2020,Super Earth,1.16 x Earth,0.054 AU,13 days,< 0.53,GJ 1061,Radial Velocity,,,03h35m59.72s,-44d30m45.5s,2953,0.12,0.16
160,GJ 1132 b,41,1.66 Earths,13.49,2015,Super Earth,1.13 x Earth,0.0153 AU,1.6 days,0.22,GJ 1132,Transit,,6.3,10h14m51.78s,-47d09m24.2s,3270,0.18,0.21
161,GJ 1132 c,41,2.64 Earths,13.49,2018,Super Earth,1.43 x Earth,0.0476 AU,8.9 days,< 0.27,GJ 1132,Radial Velocity,,,10h14m51.78s,-47d09m24.2s,3270,0.18,0.21
162,GJ 1148 b,36,0.30425 Jupiters,11.92,2010,Gas Giant,1.07 x Jupiter,0.166 AU,41.4 days,0.38,GJ 1148,Radial Velocity,,,11h41m44.63s,+42d45m07.1s,3264,0.35,0.4
163,GJ 1148 c,36,0.21414 Jupiters,11.92,2017,Gas Giant,0.866 x Jupiter,0.912 AU,1.5 years,0.34,GJ 1148,Radial Velocity,,,11h41m44.63s,+42d45m07.1s,3264,0.35,0.4
164,GJ 1214 b,48,6.26125 Earths,15.1,2009,Neptune-like,0.254 x Jupiter,0.01411 AU,1.6 days,0,GJ 1214,Transit,88.17,1.49,17h15m18.92s,+04d57m50.1s,3026,0.15,0.22
165,GJ 1252 b,66,2.09 Earths,12.193,2020,Super Earth,1.193 x Earth,0.00916 AU,0.5 days,0,GJ 1252,Transit,85,,20h27m42.06s,-56d27m25.2s,3458,0.38,0.39
166,GJ 1265 b,33,7.4 Earths,13.57,2018,Neptune-like,0.234 x Jupiter,0.026 AU,3.7 days,0.04,GJ 1265,Radial Velocity,,,22h13m42.88s,-17d41m08.8s,3236,0.18,0.19
167,GJ 143 b,53,22.7 Earths,7.87,2019,Neptune-like,0.233 x Jupiter,0.1915 AU,35.6 days,0.19,GJ 143,Transit,89.33,7,03h26m59.22s,-63d29m56.8s,4640,0.73,0.69
168,GJ 15 A b,12,3.03 Earths,8.08,2014,Super Earth,1.55 x Earth,0.072 AU,11.4 days,0.09,GJ 15 A,Radial Velocity,,,00h18m22.89s,+44d01m22.6s,3607,0.38,0.38
169,GJ 15 A c,12,36 Earths,8.08,2018,Neptune-like,0.595 x Jupiter,5.4 AU,20.8 years,0.27,GJ 15 A,Radial Velocity,,,00h18m22.89s,+44d01m22.6s,3607,0.38,0.38
170,GJ 160.2 b,84,10.2 Earths,9.68,2014,Neptune-like,0.283 x Jupiter,0.053 AU,5.2 days,0.06,GJ 160.2,Radial Velocity,,,04h06m34.84s,-20d51m11.2s,4347,0.69,
171,GJ 163 b,49,10.6 Earths,11.81,2013,Neptune-like,0.29 x Jupiter,0.0607 AU,8.6 days,0.07,GJ 163,Radial Velocity,,,04h09m15.67s,-53d22m25.3s,3500,0.4,
172,GJ 163 c,49,6.8 Earths,11.81,2013,Neptune-like,0.223 x Jupiter,0.1254 AU,25.6 days,0.1,GJ 163,Radial Velocity,,,04h09m15.67s,-53d22m25.3s,3500,0.4,
173,GJ 163 d,49,29.4 Earths,11.81,2013,Neptune-like,0.528 x Jupiter,1.0304 AU,1.7 years,0.37,GJ 163,Radial Velocity,,,04h09m15.67s,-53d22m25.3s,3500,0.4,
174,GJ 179 b,40,0.82 Jupiters,12,2009,Gas Giant,1.24 x Jupiter,2.41 AU,6.3 years,0.21,GJ 179,Radial Velocity,,,04h52m05.73s,+06d28m35.5s,3370,0.36,0.38
175,GJ 180 b,39,6.49 Earths,10.91,2014,Neptune-like,0.217 x Jupiter,0.092 AU,17.1 days,0.07,GJ 180,Radial Velocity,,,04h53m49.98s,-17d46m24.3s,,0.43,
176,GJ 180 c,39,6.4 Earths,10.91,2014,Neptune-like,0.215 x Jupiter,0.129 AU,24.3 days,0.09,GJ 180,Radial Velocity,,,04h53m49.98s,-17d46m24.3s,,0.43,
177,GJ 180 d,39,7.56 Earths,10.91,2020,Neptune-like,0.237 x Jupiter,0.309 AU,106.3 days,0.14,GJ 180,Radial Velocity,,,04h53m49.98s,-17d46m24.3s,,0.43,
178,GJ 2056 b,93,16.2 Earths,10.37,2020,Neptune-like,0.372 x Jupiter,0.283 AU,70 days,0.72,GJ 2056,Radial Velocity,,,07h12m04.81s,-24d53m31.5s,,0.62,
179,GJ 229 A c,19,7.268 Earths,8.14,2020,Neptune-like,0.232 x Jupiter,0.339 AU,122 days,0.19,GJ 229,Radial Velocity,,,06h10m34.62s,-21d51m52.7s,,0.58,
180,GJ 229 b,19,8.478 Earths,8.14,2014,Neptune-like,0.254 x Jupiter,0.898 AU,1.4 years,0.1,GJ 229,Radial Velocity,,,06h10m34.62s,-21d51m52.7s,,0.58,
181,GJ 27.1 b,77,13 Earths,11.42,2014,Neptune-like,0.327 x Jupiter,0.101 AU,15.8 days,0.08,GJ 27.1,Radial Velocity,,,00h39m58.82s,-44d15m11.6s,3542,0.53,
182,GJ 273 b,12,2.89 Earths,9.872,2017,Super Earth,1.51 x Earth,0.091101 AU,18.6 days,0.1,GJ 273,Radial Velocity,,,07h27m24.50s,+05d13m32.8s,3382,0.29,0.29
183,GJ 273 c,12,1.18 Earths,9.872,2017,Super Earth,1.06 x Earth,0.036467 AU,4.7 days,0.17,GJ 273,Radial Velocity,,,07h27m24.50s,+05d13m32.8s,3382,0.29,0.29
184,GJ 3021 b,57,3.37 Jupiters,6.59,2000,Gas Giant,1.17 x Jupiter,0.49 AU,133.7 days,0.51,GJ 3021,Radial Velocity,,,00h16m12.68s,-79d51m04.3s,5540,0.9,0.9
185,GJ 3082 b,54,8.2 Earths,11.077,2020,Neptune-like,0.249 x Jupiter,0.079 AU,11.9 days,0.22,GJ 3082,Radial Velocity,,,01h14m34.20s,-53d56m31.6s,,0.47,
186,GJ 3138 b,93,1.78 Earths,10.98,2017,Super Earth,1.18 x Earth,0.0197 AU,1.2 days,0.19,GJ 3138,Radial Velocity,,,02h09m10.90s,-16d20m22.5s,3717,0.68,0.5
187,GJ 3138 c,93,4.18 Earths,10.98,2017,Super Earth,1.88 x Earth,0.057 AU,6 days,0.11,GJ 3138,Radial Velocity,,,02h09m10.90s,-16d20m22.5s,3717,0.68,0.5
188,GJ 3138 d,93,10.5 Earths,10.98,2017,Neptune-like,0.288 x Jupiter,0.698 AU,257.8 days,0.32,GJ 3138,Radial Velocity,,,02h09m10.90s,-16d20m22.5s,3717,0.68,0.5
189,GJ 317 b,49,2.5 Jupiters,11.97,2007,Gas Giant,1.18 x Jupiter,1.151 AU,1.9 years,0.07,GJ 317,Radial Velocity,,,08h40m59.22s,-23d27m22.6s,,0.42,
190,GJ 317 c,49,1.64396 Jupiters,11.97,2018,Gas Giant,1.2 x Jupiter,5.23 AU,18.5 years,0.17,GJ 317,Radial Velocity,,,08h40m59.22s,-23d27m22.6s,,0.42,
191,GJ 328 b,67,2.3 Jupiters,9.97,2013,Gas Giant,1.19 x Jupiter,4.5 AU,11.2 years,0.37,GJ 328,Radial Velocity,,,08h55m07.62s,+01d32m47.4s,3900,0.69,
192,GJ 3293 b,66,23.54 Earths,11.962,2015,Neptune-like,0.463 x Jupiter,0.14339 AU,30.6 days,0.06,GJ 3293,Radial Velocity,,,04h28m35.72s,-25d10m09.5s,3466,0.42,0.4
193,GJ 3293 c,66,21.09 Earths,11.962,2015,Neptune-like,0.434 x Jupiter,0.36175 AU,122.6 days,0.11,GJ 3293,Radial Velocity,,,04h28m35.72s,-25d10m09.5s,3466,0.42,0.4
194,GJ 3293 d,66,7.6 Earths,11.962,2017,Neptune-like,0.238 x Jupiter,0.19394 AU,48.1 days,0.12,GJ 3293,Radial Velocity,,,04h28m35.72s,-25d10m09.5s,3466,0.42,0.4
195,GJ 3293 e,66,3.28 Earths,11.962,2017,Super Earth,1.63 x Earth,0.08208 AU,13.3 days,0.21,GJ 3293,Radial Velocity,,,04h28m35.72s,-25d10m09.5s,3466,0.42,0.4
196,GJ 3323 b,17,2.02 Earths,12.22,2017,Super Earth,1.23 x Earth,0.03282 AU,5.4 days,0.23,GJ 3323,Radial Velocity,,,05h01m57.43s,-06d56m46.5s,3159,0.16,0.12
197,GJ 3323 c,17,2.31 Earths,12.22,2017,Super Earth,1.32 x Earth,0.1264 AU,40.5 days,0.17,GJ 3323,Radial Velocity,,,05h01m57.43s,-06d56m46.5s,3159,0.16,0.12
198,GJ 3341 b,76,6.6 Earths,12.08,2015,Neptune-like,0.219 x Jupiter,0.089 AU,14.2 days,0.31,GJ 3341,Radial Velocity,,,05h15m46.72s,-31d17m45.4s,3526,0.47,0.44
199,GJ 338 B b,21,10.27 Earths,7.7,2020,Neptune-like,0.284 x Jupiter,0.141 AU,24.5 days,0.11,GJ 338 B,Radial Velocity,,,09h14m24.70s,+52d41m10.9s,4005,0.64,0.58
200,GJ 3470 b,96,13.9 Earths,12.33,2012,Neptune-like,0.408 x Jupiter,0.0355 AU,3.3 days,0.02,GJ 3470,Radial Velocity,89.13,0.8,07h59m05.84s,+15d23m29.4s,3600,0.54,0.55
201,GJ 3512 b,31,0.463 Jupiters,15.05,2019,Gas Giant,1.27 x Jupiter,0.338 AU,203.6 days,0.44,GJ 3512,Radial Velocity,,,08h41m20.13s,+59d29m50.6s,3081,0.12,0.14
202,GJ 357 b,31,1.84 Earths,10.92,2019,Super Earth,1.217 x Earth,0.035 AU,3.9 days,0,GJ 357,Transit,89.12,5.6,09h36m01.64s,-21d39m38.9s,3505,0.34,0.34
203,GJ 357 c,31,3.4 Earths,10.92,2019,Super Earth,1.66 x Earth,0.061 AU,9.1 days,0,GJ 357,Radial Velocity,,,09h36m01.64s,-21d39m38.9s,3505,0.34,0.34
204,GJ 357 d,31,6.1 Earths,10.92,2019,Neptune-like,0.209 x Jupiter,0.204 AU,55.7 days,0,GJ 357,Radial Velocity,,,09h36m01.64s,-21d39m38.9s,3505,0.34,0.34
205,GJ 3634 b,65,8.4 Earths,11.93,2010,Neptune-like,0.253 x Jupiter,0.0287 AU,2.6 days,0.08,GJ 3634,Radial Velocity,59,,10h58m35.10s,-31d08m38.4s,,0.45,0.43
206,GJ 3779 b,45,8 Earths,12.96,2018,Neptune-like,0.245 x Jupiter,0.026 AU,3 days,0.07,GJ 3779,Radial Velocity,,,13h22m56.74s,+24d28m03.5s,3324,0.27,0.28
207,GJ 3942 b,55,7.14 Earths,10.25,2017,Neptune-like,0.229 x Jupiter,0.0608 AU,6.9 days,0.12,GJ 3942,Radial Velocity,,,16h09m03.14s,+52d56m37.9s,3867,0.63,0.61
208,GJ 3998 b,59,2.47 Earths,10.83,2016,Super Earth,1.38 x Earth,0.029 AU,2.6 days,0,GJ 3998,Radial Velocity,,,17h16m00.64s,+11d03m27.6s,3722,0.5,0.49
209,GJ 3998 c,59,6.26 Earths,10.83,2016,Neptune-like,0.212 x Jupiter,0.089 AU,13.7 days,0.05,GJ 3998,Radial Velocity,,,17h16m00.64s,+11d03m27.6s,3722,0.5,0.49
210,GJ 411 b,8,2.99 Earths,7.49,2019,Super Earth,1.54 x Earth,0.0785 AU,13 days,0.22,GJ 411,Radial Velocity,,,11h03m20.19s,+35d58m11.6s,3563,0.39,0.39
211,GJ 422 b,41,11.07 Earths,11.55,2014,Neptune-like,0.297 x Jupiter,0.111 AU,20.1 days,0.11,GJ 422,Radial Velocity,,,11h16m00.21s,-57d32m51.6s,,0.35,
